annotator_id,total_tasks,total_duration_seconds,wage_per_hour,total_duration_hours,avg_task_duration_seconds,estimated_total_earnings,tasks_per_hour,cost_per_task
ann_001,12,163,20.0,0.04527777777777778,13.583333333333334,0.9055555555555556,265.03067484662574,0.07546296296296297
ann_002,9,241,22.0,0.06694444444444445,26.77777777777778,1.4727777777777777,134.43983402489627,0.16364197530864197
ann_003,9,78,18.0,0.021666666666666667,8.666666666666666,0.39,415.38461538461536,0.043333333333333335
